﻿Stato,Sigla,Popolazione,Capitale
ALABAMA,AL,5024279,MONTGOMERY
ALASKA,AK,733391,JUNEAU
ARIZONA,AZ,7151502,PHOENIX
ARKANSAS,AR,3011524,LITTLE ROCK
CALIFORNIA,CA,39538223,SACRAMENTO
CAROLINA DEL NORD,,10439388,
CAROLINA DEL SUD,,5118425,
COLORADO,CO,5773714,
CONNECTICUT,CT,3605944,HARTFORD
DAKOTA DEL NORD,,779094,
DAKOTA DEL SUD,,886667,
DELAWARE,DE,989948,DOVER
DISTRETTO DI COLUMBIA,,689545,
FLORIDA,FL,21538187,TALLAHASSEE
GEORGIA,GA,10711908,ATLANTA
HAWAII,HI,1455271,
IDAHO,ID,1839106,BOISE
ILLINOIS,IL,12812508,SPRINGFIELD
INDIANA,IN,6785528,INDIANAPOLIS
IOWA,IA,3190369,DES MOINES
KANSAS,KS,2937880,TOPEKA
KENTUCKY,KY,4505836,FRANKFORT
LOUISIANA,LA,4657757,BATON ROUGE
MAINE,ME,1362359,AUGUSTA
MARYLAND,MD,6177224,ANNAPOLIS
MASSACHUSETTS,MA,7029917,BOSTON
MICHIGAN,MI,10077331,LANSING
MINNESOTA,MN,5706494,SAINT PAUL
MISSISSIPPI,MS,2961279,JACKSON
MISSOURI,MO,6154913,JEFFERSON CITY
MONTANA,MT,1084225,HELENA
NEBRASKA,NE,1961504,LINCOLN
NEVADA,NV,3104614,CARSON CITY
NEW HAMPSHIRE,NH,1377529,CONCORD
NEW JERSEY,NJ,9288994,
NEW YORK,NY,20201249,ALBANY
NUOVO MESSICO,,2117522,
OHIO,OH,11799448,COLUMBUS
OKLAHOMA,OK,3959353,OKLAHOMA CITY
OREGON,OR,4237256,SALEM
PENNSYLVANIA,PA,13002700,HARRISBURG
RHODE ISLAND,RI,1097379,PROVIDENCE
TENNESSEE,TN,6910840,NASHVILLE
TEXAS,TX,29145505,AUSTIN
UTAH,UT,3271616,SALT LAKE CITY
VERMONT,VT,643077,MONTPELIER
VIRGINIA,VA,8631393,RICHMOND
VIRGINIA OCCIDENTALE,,1793716,
WASHINGTON,WA,7705281,OLYMPIA
WISCONSIN,WI,5893718,MADISON
WYOMING,WY,576851,CHEYENNE
